[
{"pk": 1, "model": "meet.room", "fields": {"capacity": 15, "name": "room403", "address": "nemizaran ke"}}, 
{"pk": 2, "model": "meet.room", "fields": {"capacity": 5, "name": "404", "address": "nistesh ke! koja bashe?!"}}, 
{"pk": 3, "model": "meet.room", "fields": {"capacity": 8, "name": "200", "address": "hamunja ke bud! farghi nakarde!"}}, 
{"pk": 4, "model": "meet.room", "fields": {"capacity": 20, "name": "801", "address": "dooooooooooooooooor"}}, 
{"pk": 2, "model": "meet.interval", "fields": {"date": "2013-10-27", "start": "10:00:00", "finish": "12:00:00", "event": 1}}, 
{"pk": 3, "model": "meet.interval", "fields": {"date": "2013-10-27", "start": "11:00:00", "finish": "13:00:00", "event": 1}}, 
{"pk": 4, "model": "meet.interval", "fields": {"date": "2013-10-27", "start": "16:00:00", "finish": "18:00:00", "event": 1}}, 
{"pk": 5, "model": "meet.interval", "fields": {"date": "2013-10-27", "start": "12:00:00", "finish": "13:00:00", "event": 1}}, 
{"pk": 6, "model": "meet.interval", "fields": {"date": "2013-10-27", "start": "10:00:00", "finish": "11:00:00", "event": 1}}, 
{"pk": 7, "model": "meet.interval", "fields": {"date": "2013-10-08", "start": "18:54:07", "finish": "20:54:28", "event": 2}}, 
{"pk": 8, "model": "meet.interval", "fields": {"date": "2013-10-24", "start": "18:54:42", "finish": "19:05:03", "event": 2}}, 
{"pk": 9, "model": "meet.interval", "fields": {"date": "2013-10-27", "start": "15:05:12", "finish": "18:05:19", "event": 2}}, 
{"pk": 10, "model": "meet.interval", "fields": {"date": "2013-10-27", "start": "10:00:00", "finish": "12:00:00", "event": 3}}, 
{"pk": 11, "model": "meet.interval", "fields": {"date": "2013-10-27", "start": "11:00:00", "finish": "14:00:00", "event": 3}}, 
{"pk": 12, "model": "meet.interval", "fields": {"date": "2013-10-27", "start": "14:00:00", "finish": "19:00:00", "event": 3}}, 
{"pk": 13, "model": "meet.interval", "fields": {"date": "2013-10-08", "start": "19:00:00", "finish": "20:00:00", "event": 3}}, 
{"pk": 14, "model": "meet.interval", "fields": {"date": "2013-10-27", "start": "15:00:00", "finish": "16:00:00", "event": 2}}, 
{"pk": 15, "model": "meet.interval", "fields": {"date": "2013-10-27", "start": "16:00:00", "finish": "17:00:00", "event": 2}}, 
{"pk": 16, "model": "meet.interval", "fields": {"date": "2013-10-27", "start": "15:00:00", "finish": "17:00:00", "event": 2}}, 
{"pk": 2, "model": "meet.reservation", "fields": {"interval": 13, "room": 3}}, 
{"pk": 3, "model": "meet.reservation", "fields": {"interval": 9, "room": 2}}, 
{"pk": 4, "model": "meet.reservation", "fields": {"interval": 14, "room": 3}}, 
{"pk": 5, "model": "meet.reservation", "fields": {"interval": 15, "room": 4}}, 
{"pk": 6, "model": "meet.reservation", "fields": {"interval": 16, "room": 1}}, 
{"pk": 1, "model": "auth.user", "fields": {"username": "niki", "first_name": "", "last_name": "", "is_active": true, "is_superuser": true, "is_staff": true, "last_login": "2013-10-26T20:10:58.971Z", "groups": [], "user_permissions": [], "password": "pbkdf2_sha256$10000$02WRaE68bHxU$GliV6Ut2dL5joyIdEUfYJt4D9wqL1VfVKOYj5bL3s+w=", "email": "niki.hp2007@gmail.com", "date_joined": "2013-10-08T12:15:36.264Z"}}, 
{"pk": 2, "model": "auth.user", "fields": {"username": "mehman", "first_name": "", "last_name": "", "is_active": true, "is_superuser": false, "is_staff": false, "last_login": "2013-10-19T06:31:34Z", "groups": [], "user_permissions": [], "password": "pbkdf2_sha256$10000$qiC1JSmfPxoe$9LGzLCVPKcgv4Pfrwz91R69DJ55dz5KHnb4oQ8IcSQM=", "email": "mehman@ut.ac.ir", "date_joined": "2013-10-19T06:31:34Z"}}, 
{"pk": 3, "model": "auth.user", "fields": {"username": "ashkan", "first_name": "", "last_name": "", "is_active": true, "is_superuser": false, "is_staff": false, "last_login": "2013-10-19T06:32:26Z", "groups": [], "user_permissions": [], "password": "pbkdf2_sha256$10000$cKjxtWTlbkvZ$IQLkLCcGlL2HA1mPlfi0y4WFzxMthWvjnIjJFSzVwPM=", "email": "ashkan.dant3@gmail.com", "date_joined": "2013-10-19T06:32:26Z"}}, 
{"pk": 4, "model": "auth.user", "fields": {"username": "ali", "first_name": "", "last_name": "", "is_active": true, "is_superuser": false, "is_staff": false, "last_login": "2013-10-19T06:32:26Z", "groups": [], "user_permissions": [], "password": "pbkdf2_sha256$10000$cKjxtWTlbkvZ$IQLkLCcGlL2HA1mPlfi0y4WFzxMthWvjnIjJFSzVwPM=", "email": "ashkan.dant3@gmail.com", "date_joined": "2013-10-19T06:32:26Z"}}, 
{"pk": 5, "model": "auth.user", "fields": {"username": "asghar", "first_name": "", "last_name": "", "is_active": true, "is_superuser": false, "is_staff": false, "last_login": "2013-10-19T06:32:26Z", "groups": [], "user_permissions": [], "password": "pbkdf2_sha256$10000$cKjxtWTlbkvZ$IQLkLCcGlL2HA1mPlfi0y4WFzxMthWvjnIjJFSzVwPM=", "email": "ashkan.dant3@gmail.com", "date_joined": "2013-10-19T06:32:26Z"}}, 
{"pk": 6, "model": "auth.user", "fields": {"username": "javad", "first_name": "", "last_name": "", "is_active": true, "is_superuser": false, "is_staff": false, "last_login": "2013-10-19T06:32:26Z", "groups": [], "user_permissions": [], "password": "pbkdf2_sha256$10000$cKjxtWTlbkvZ$IQLkLCcGlL2HA1mPlfi0y4WFzxMthWvjnIjJFSzVwPM=", "email": "ashkan.dant3@gmail.com", "date_joined": "2013-10-19T06:32:26Z"}}, 
{"pk": 7, "model": "auth.user", "fields": {"username": "maryam", "first_name": "", "last_name": "", "is_active": true, "is_superuser": false, "is_staff": false, "last_login": "2013-10-19T06:32:26Z", "groups": [], "user_permissions": [], "password": "pbkdf2_sha256$10000$cKjxtWTlbkvZ$IQLkLCcGlL2HA1mPlfi0y4WFzxMthWvjnIjJFSzVwPM=", "email": "ashkan.dant3@gmail.com", "date_joined": "2013-10-19T06:32:26Z"}}, 
{"pk": 8, "model": "auth.user", "fields": {"username": "mina", "first_name": "", "last_name": "", "is_active": true, "is_superuser": false, "is_staff": false, "last_login": "2013-10-19T06:32:26Z", "groups": [], "user_permissions": [], "password": "pbkdf2_sha256$10000$cKjxtWTlbkvZ$IQLkLCcGlL2HA1mPlfi0y4WFzxMthWvjnIjJFSzVwPM=", "email": "ashkan.dant3@gmail.com", "date_joined": "2013-10-19T06:32:26Z"}}, 
{"pk": 9, "model": "auth.user", "fields": {"username": "mona", "first_name": "", "last_name": "", "is_active": true, "is_superuser": false, "is_staff": false, "last_login": "2013-10-19T06:32:26Z", "groups": [], "user_permissions": [], "password": "pbkdf2_sha256$10000$cKjxtWTlbkvZ$IQLkLCcGlL2HA1mPlfi0y4WFzxMthWvjnIjJFSzVwPM=", "email": "ashkan.dant3@gmail.com", "date_joined": "2013-10-19T06:32:26Z"}}, 
{"pk": 10, "model": "auth.user", "fields": {"username": "yasi", "first_name": "", "last_name": "", "is_active": true, "is_superuser": false, "is_staff": false, "last_login": "2013-10-19T06:32:26Z", "groups": [], "user_permissions": [], "password": "pbkdf2_sha256$10000$cKjxtWTlbkvZ$IQLkLCcGlL2HA1mPlfi0y4WFzxMthWvjnIjJFSzVwPM=", "email": "ashkan.dant3@gmail.com", "date_joined": "2013-10-19T06:32:26Z"}}, 
{"pk": 11, "model": "auth.user", "fields": {"username": "shahin", "first_name": "", "last_name": "", "is_active": true, "is_superuser": false, "is_staff": false, "last_login": "2013-10-19T06:32:26Z", "groups": [], "user_permissions": [], "password": "pbkdf2_sha256$10000$cKjxtWTlbkvZ$IQLkLCcGlL2HA1mPlfi0y4WFzxMthWvjnIjJFSzVwPM=", "email": "ashkan.dant3@gmail.com", "date_joined": "2013-10-19T06:32:26Z"}}, 
{"pk": 12, "model": "auth.user", "fields": {"username": "mahin", "first_name": "", "last_name": "", "is_active": true, "is_superuser": false, "is_staff": false, "last_login": "2013-10-19T06:32:26Z", "groups": [], "user_permissions": [], "password": "pbkdf2_sha256$10000$cKjxtWTlbkvZ$IQLkLCcGlL2HA1mPlfi0y4WFzxMthWvjnIjJFSzVwPM=", "email": "ashkan.dant3@gmail.com", "date_joined": "2013-10-19T06:32:26Z"}}, 
{"pk": 13, "model": "auth.user", "fields": {"username": "akbar", "first_name": "", "last_name": "", "is_active": true, "is_superuser": false, "is_staff": false, "last_login": "2013-10-19T06:32:26Z", "groups": [], "user_permissions": [], "password": "pbkdf2_sha256$10000$cKjxtWTlbkvZ$IQLkLCcGlL2HA1mPlfi0y4WFzxMthWvjnIjJFSzVwPM=", "email": "ashkan.dant3@gmail.com", "date_joined": "2013-10-19T06:32:26Z"}}, 
{"pk": 14, "model": "auth.user", "fields": {"username": "yekta", "first_name": "", "last_name": "", "is_active": true, "is_superuser": false, "is_staff": false, "last_login": "2013-10-19T06:32:26Z", "groups": [], "user_permissions": [], "password": "pbkdf2_sha256$10000$cKjxtWTlbkvZ$IQLkLCcGlL2HA1mPlfi0y4WFzxMthWvjnIjJFSzVwPM=", "email": "ashkan.dant3@gmail.com", "date_joined": "2013-10-19T06:32:26Z"}}, 
{"pk": 15, "model": "auth.user", "fields": {"username": "mahsa", "first_name": "", "last_name": "", "is_active": true, "is_superuser": false, "is_staff": false, "last_login": "2013-10-19T06:32:26Z", "groups": [], "user_permissions": [], "password": "pbkdf2_sha256$10000$cKjxtWTlbkvZ$IQLkLCcGlL2HA1mPlfi0y4WFzxMthWvjnIjJFSzVwPM=", "email": "ashkan.dant3@gmail.com", "date_joined": "2013-10-19T06:32:26Z"}}, 
{"pk": 16, "model": "auth.user", "fields": {"username": "sara", "first_name": "", "last_name": "", "is_active": true, "is_superuser": false, "is_staff": false, "last_login": "2013-10-19T06:32:26Z", "groups": [], "user_permissions": [], "password": "pbkdf2_sha256$10000$cKjxtWTlbkvZ$IQLkLCcGlL2HA1mPlfi0y4WFzxMthWvjnIjJFSzVwPM=", "email": "ashkan.dant3@gmail.com", "date_joined": "2013-10-19T06:32:26Z"}}, 
{"pk": 17, "model": "auth.user", "fields": {"username": "shiva", "first_name": "", "last_name": "", "is_active": true, "is_superuser": false, "is_staff": false, "last_login": "2013-10-19T06:32:26Z", "groups": [], "user_permissions": [], "password": "pbkdf2_sha256$10000$cKjxtWTlbkvZ$IQLkLCcGlL2HA1mPlfi0y4WFzxMthWvjnIjJFSzVwPM=", "email": "ashkan.dant3@gmail.com", "date_joined": "2013-10-19T06:32:26Z"}}, 
{"pk": 18, "model": "auth.user", "fields": {"username": "parya", "first_name": "", "last_name": "", "is_active": true, "is_superuser": false, "is_staff": false, "last_login": "2013-10-19T06:32:26Z", "groups": [], "user_permissions": [], "password": "pbkdf2_sha256$10000$cKjxtWTlbkvZ$IQLkLCcGlL2HA1mPlfi0y4WFzxMthWvjnIjJFSzVwPM=", "email": "ashkan.dant3@gmail.com", "date_joined": "2013-10-19T06:32:26Z"}}, 
{"pk": 19, "model": "auth.user", "fields": {"username": "shima", "first_name": "", "last_name": "", "is_active": true, "is_superuser": false, "is_staff": false, "last_login": "2013-10-19T06:32:26Z", "groups": [], "user_permissions": [], "password": "pbkdf2_sha256$10000$cKjxtWTlbkvZ$IQLkLCcGlL2HA1mPlfi0y4WFzxMthWvjnIjJFSzVwPM=", "email": "ashkan.dant3@gmail.com", "date_joined": "2013-10-19T06:32:26Z"}}, 
{"pk": 20, "model": "auth.user", "fields": {"username": "kimia", "first_name": "", "last_name": "", "is_active": true, "is_superuser": false, "is_staff": false, "last_login": "2013-10-19T06:32:26Z", "groups": [], "user_permissions": [], "password": "pbkdf2_sha256$10000$cKjxtWTlbkvZ$IQLkLCcGlL2HA1mPlfi0y4WFzxMthWvjnIjJFSzVwPM=", "email": "ashkan.dant3@gmail.com", "date_joined": "2013-10-19T06:32:26Z"}}, 
{"pk": 1, "model": "meet.vote", "fields": {"voter": 2, "state": "dc", "interval": 2}}, 
{"pk": 2, "model": "meet.vote", "fields": {"voter": 3, "state": "ih", "interval": 2}}, 
{"pk": 3, "model": "meet.vote", "fields": {"voter": 1, "state": "no", "interval": 2}}, 
{"pk": 4, "model": "meet.vote", "fields": {"voter": 1, "state": "dc", "interval": 7}}, 
{"pk": 5, "model": "meet.vote", "fields": {"voter": 2, "state": "ih", "interval": 7}}, 
{"pk": 6, "model": "meet.vote", "fields": {"voter": 3, "state": "dc", "interval": 7}}, 
{"pk": 7, "model": "meet.vote", "fields": {"voter": 1, "state": "ih", "interval": 8}}, 
{"pk": 8, "model": "meet.vote", "fields": {"voter": 2, "state": "ih", "interval": 8}}, 
{"pk": 9, "model": "meet.vote", "fields": {"voter": 3, "state": "dc", "interval": 8}}, 
{"pk": 10, "model": "meet.vote", "fields": {"voter": 1, "state": "no", "interval": 9}}, 
{"pk": 11, "model": "meet.vote", "fields": {"voter": 2, "state": "no", "interval": 9}}, 
{"pk": 12, "model": "meet.vote", "fields": {"voter": 3, "state": "no", "interval": 9}}, 
{"pk": 13, "model": "meet.vote", "fields": {"voter": 1, "state": "dc", "interval": 10}}, 
{"pk": 14, "model": "meet.vote", "fields": {"voter": 2, "state": "ih", "interval": 10}}, 
{"pk": 15, "model": "meet.vote", "fields": {"voter": 3, "state": "ih", "interval": 10}}, 
{"pk": 16, "model": "meet.vote", "fields": {"voter": 1, "state": "dc", "interval": 11}}, 
{"pk": 17, "model": "meet.vote", "fields": {"voter": 2, "state": "dc", "interval": 11}}, 
{"pk": 18, "model": "meet.vote", "fields": {"voter": 3, "state": "no", "interval": 11}}, 
{"pk": 19, "model": "meet.vote", "fields": {"voter": 1, "state": "ih", "interval": 12}}, 
{"pk": 20, "model": "meet.vote", "fields": {"voter": 2, "state": "ih", "interval": 12}}, 
{"pk": 21, "model": "meet.vote", "fields": {"voter": 3, "state": "ih", "interval": 12}}, 
{"pk": 22, "model": "meet.vote", "fields": {"voter": 4, "state": "dc", "interval": 7}}, 
{"pk": 23, "model": "meet.vote", "fields": {"voter": 5, "state": "dc", "interval": 7}}, 
{"pk": 24, "model": "meet.vote", "fields": {"voter": 6, "state": "dc", "interval": 7}}, 
{"pk": 25, "model": "meet.vote", "fields": {"voter": 7, "state": "dc", "interval": 7}}, 
{"pk": 26, "model": "meet.vote", "fields": {"voter": 4, "state": "dc", "interval": 8}}, 
{"pk": 27, "model": "meet.vote", "fields": {"voter": 5, "state": "dc", "interval": 8}}, 
{"pk": 28, "model": "meet.vote", "fields": {"voter": 6, "state": "dc", "interval": 8}}, 
{"pk": 29, "model": "meet.vote", "fields": {"voter": 7, "state": "dc", "interval": 8}}, 
{"pk": 30, "model": "meet.vote", "fields": {"voter": 4, "state": "dc", "interval": 9}}, 
{"pk": 31, "model": "meet.vote", "fields": {"voter": 5, "state": "dc", "interval": 9}}, 
{"pk": 32, "model": "meet.vote", "fields": {"voter": 6, "state": "dc", "interval": 9}}, 
{"pk": 33, "model": "meet.vote", "fields": {"voter": 7, "state": "dc", "interval": 9}}, 
{"pk": 2, "model": "meet.meeting", "fields": {"reservation": null, "confirmed": false, "conditions": "mx", "guest_list": [1, 2, 3, 4, 5, 6, 7]}}, 
{"pk": 3, "model": "meet.meeting", "fields": {"reservation": null, "confirmed": false, "conditions": "hl", "guest_list": [1, 2, 3]}}, 
{"pk": 1, "model": "meet.event", "fields": {"status": "op", "description": "\u0647\u06cc\u0686\u06cc", "creator": 3, "guest_list": [1, 2], "title": "\u0627\u0635\u063a\u0631 \u0627\u06cc\u0646\u0627", "deadline": "2013-10-27T04:45:32Z"}}, 
{"pk": 2, "model": "meet.event", "fields": {"status": "op", "description": "\u0645\u0631\u06cc\u0645 \u0627\u06cc\u0646\u0627 \u062c\u0644\u0633\u0647 \u062f\u0627\u0631\u0646", "creator": 1, "guest_list": [1, 2, 3], "title": "\u062c\u0644\u0633\u0647 \u0645\u0631\u06cc\u0645 \u0627\u06cc\u0646\u0627", "deadline": "2013-10-28T04:53:30Z"}}, 
{"pk": 3, "model": "meet.event", "fields": {"status": "op", "description": "\u0645\u06af\u0647 \u062e\u0648\u062f\u0645\u0648\u0646 \u0646\u0645\u06cc\u0634\u0647 \u062c\u0644\u0633\u0647 \u062f\u0627\u0634\u062a\u0647 \u0628\u0627\u0634\u06cc\u0645\u061f! \u0648\u0627\u0644\u0627!", "creator": 1, "guest_list": [1, 2, 3], "title": "\u062c\u0644\u0633\u0647 \u062e\u0648\u062f\u0645\u0648\u0646", "deadline": "2013-10-28T00:08:35Z"}}]