[
{"pk": 1, "model": "meet.interval", "fields": {"date": "2013-12-16", "start": "20:29:42", "finish": "22:29:44", "event": 1}}, 
{"pk": 2, "model": "meet.interval", "fields": {"date": "2013-12-19", "start": "06:00:00", "finish": "12:00:00", "event": 1}}, 
{"pk": 3, "model": "meet.interval", "fields": {"date": "2013-12-16", "start": "20:30:17", "finish": "20:30:38", "event": 1}}, 
{"pk": 4, "model": "meet.interval", "fields": {"date": "2013-12-19", "start": "06:00:00", "finish": "12:00:00", "event": 2}}, 
{"pk": 5, "model": "meet.interval", "fields": {"date": "2013-02-02", "start": "12:12:00", "finish": "11:11:00", "event": 3}}, 
{"pk": 6, "model": "meet.interval", "fields": {"date": "2013-04-04", "start": "11:11:00", "finish": "12:12:00", "event": 3}}, 
{"pk": 7, "model": "meet.interval", "fields": {"date": "2013-04-05", "start": "10:00:00", "finish": "13:00:00", "event": 3}}, 
{"pk": 8, "model": "meet.interval", "fields": {"date": "2013-03-02", "start": "10:12:00", "finish": "11:11:00", "event": 4}}, 
{"pk": 9, "model": "meet.interval", "fields": {"date": "2013-04-04", "start": "11:11:00", "finish": "12:12:00", "event": 4}}, 
{"pk": 10, "model": "meet.interval", "fields": {"date": "2013-04-05", "start": "10:00:00", "finish": "13:00:00", "event": 4}}, 
{"pk": 11, "model": "meet.interval", "fields": {"date": "2013-03-02", "start": "12:12:00", "finish": "11:11:00", "event": 5}}, 
{"pk": 12, "model": "meet.interval", "fields": {"date": "2013-05-05", "start": "10:00:00", "finish": "13:00:00", "event": 5}}, 
{"pk": 13, "model": "meet.interval", "fields": {"date": "2013-10-22", "start": "11:00:00", "finish": "16:00:00", "event": 2}}, 
{"pk": 14, "model": "meet.interval", "fields": {"date": "2013-12-16", "start": "14:00:00", "finish": "19:00:00", "event": 2}}, 
{"pk": 1, "model": "meet.closingcondition", "fields": {}}, 
{"pk": 2, "model": "meet.closingcondition", "fields": {}}, 
{"pk": 3, "model": "meet.closingcondition", "fields": {}}, 
{"pk": 4, "model": "meet.closingcondition", "fields": {}}, 
{"pk": 5, "model": "meet.closingcondition", "fields": {}}, 
{"pk": 3, "model": "meet.everyoneclosingcondition", "fields": {}}, 
{"pk": 4, "model": "meet.halfatleastclosingcondition", "fields": {}}, 
{"pk": 1, "model": "meet.maxavailableclosingcondition", "fields": {}}, 
{"pk": 2, "model": "meet.maxavailableclosingcondition", "fields": {}}, 
{"pk": 1, "model": "auth.user", "fields": {"username": "niki", "first_name": "", "last_name": "", "is_active": true, "is_superuser": true, "is_staff": true, "last_login": "2013-12-02T16:11:58.095Z", "groups": [], "user_permissions": [], "password": "pbkdf2_sha256$10000$02WRaE68bHxU$GliV6Ut2dL5joyIdEUfYJt4D9wqL1VfVKOYj5bL3s+w=", "email": "niki.hp2007@gmail.com", "date_joined": "2013-10-08T12:15:36.264Z"}}, 
{"pk": 2, "model": "auth.user", "fields": {"username": "mehman", "first_name": "", "last_name": "", "is_active": true, "is_superuser": false, "is_staff": true, "last_login": "2013-12-03T19:20:51.681Z", "groups": [], "user_permissions": [], "password": "pbkdf2_sha256$10000$Et3qbDzBrWfU$qghgrokRy19kHfQCMEiL4OSFHV93/Hn8PqPfMHR5rWo=", "email": "mehman@ut.ac.ir", "date_joined": "2013-10-19T06:31:34Z"}}, 
{"pk": 3, "model": "auth.user", "fields": {"username": "ashkan", "first_name": "", "last_name": "", "is_active": true, "is_superuser": false, "is_staff": false, "last_login": "2013-12-03T19:23:55.230Z", "groups": [], "user_permissions": [], "password": "pbkdf2_sha256$10000$cKjxtWTlbkvZ$IQLkLCcGlL2HA1mPlfi0y4WFzxMthWvjnIjJFSzVwPM=", "email": "ashkan.dant3@gmail.com", "date_joined": "2013-10-19T06:32:26Z"}}, 
{"pk": 21, "model": "auth.user", "fields": {"username": "admin", "first_name": "", "last_name": "", "is_active": true, "is_superuser": true, "is_staff": true, "last_login": "2013-12-03T19:33:43.290Z", "groups": [], "user_permissions": [], "password": "pbkdf2_sha256$12000$urE2TSDbrFfT$tsxatGsCKJk7z8e+fMT/N9tPk1NKk5zjfE+QDCdSB0o=", "email": "admin@meetme.ir", "date_joined": "2013-10-27T17:09:04Z"}}, 
{"pk": 36, "model": "auth.user", "fields": {"username": "jafar", "first_name": "", "last_name": "", "is_active": true, "is_superuser": false, "is_staff": false, "last_login": "2013-12-16T16:47:19.450Z", "groups": [], "user_permissions": [], "password": "pbkdf2_sha256$10000$wIsGIFDEjAew$zZEXvNmyszNOYTUUe/U1rMTfbYitRhZbxAZNwG9WIWY=", "email": "", "date_joined": "2013-12-16T16:47:19.450Z"}}, 
{"pk": 37, "model": "auth.user", "fields": {"username": "gholam", "first_name": "", "last_name": "", "is_active": true, "is_superuser": false, "is_staff": false, "last_login": "2013-12-16T16:47:37Z", "groups": [], "user_permissions": [], "password": "pbkdf2_sha256$10000$MhUAFRGU3OGi$AOjWd7YlaAH/mHI+h/5aeoOjoCcBnSdlaMfvx44uha0=", "email": "", "date_joined": "2013-12-16T16:47:37Z"}}, 
{"pk": 38, "model": "auth.user", "fields": {"username": "gholi", "first_name": "", "last_name": "", "is_active": true, "is_superuser": false, "is_staff": false, "last_login": "2013-12-16T16:54:49Z", "groups": [], "user_permissions": [], "password": "pbkdf2_sha256$10000$HYc0psLXcJ8A$O7cy8DeIcfHbkxGB6asrc5QpDiyMCbqVtZnKn7p3ivY=", "email": "", "date_joined": "2013-12-16T16:54:49Z"}}, 
{"pk": 39, "model": "auth.user", "fields": {"username": "ghamar", "first_name": "", "last_name": "", "is_active": true, "is_superuser": false, "is_staff": false, "last_login": "2013-12-16T16:55:04Z", "groups": [], "user_permissions": [], "password": "pbkdf2_sha256$10000$p8BghjnWd70v$0QVqV9+JeUU28rCVlod7AIx8/aT00W+17AEUm3wznP4=", "email": "", "date_joined": "2013-12-16T16:55:04Z"}}, 
{"pk": 40, "model": "auth.user", "fields": {"username": "ghodrat", "first_name": "", "last_name": "", "is_active": true, "is_superuser": false, "is_staff": false, "last_login": "2013-12-16T16:55:21Z", "groups": [], "user_permissions": [], "password": "pbkdf2_sha256$10000$7Ey2p8O1iBWP$0GgFdgqzbBifGWVklSPoh9jH6wE5/WlMuEnjo6alSX8=", "email": "", "date_joined": "2013-12-16T16:55:21Z"}}, 
{"pk": 41, "model": "auth.user", "fields": {"username": "ghashang", "first_name": "", "last_name": "", "is_active": true, "is_superuser": false, "is_staff": false, "last_login": "2013-12-16T16:55:51Z", "groups": [], "user_permissions": [], "password": "pbkdf2_sha256$10000$bU8dFuJjBWQ9$tXng5Tj1R+orwllYtlQtJZ6Qk6LjnVfkjza4Le4KMAM=", "email": "", "date_joined": "2013-12-16T16:55:51Z"}}, 
{"pk": 42, "model": "auth.user", "fields": {"username": "Xi", "first_name": "", "last_name": "", "is_active": true, "is_superuser": false, "is_staff": false, "last_login": "2013-12-16T16:56:44Z", "groups": [], "user_permissions": [], "password": "pbkdf2_sha256$10000$llbUQLuHO7ZW$U4aTGn7TJNpVZ6KSebkOFykZChgF8dU8b9/tnMpUztE=", "email": "", "date_joined": "2013-12-16T16:56:44Z"}}, 
{"pk": 1, "model": "meet.vote", "fields": {"voter": 36, "state": "dc", "interval": 1}}, 
{"pk": 2, "model": "meet.vote", "fields": {"voter": 36, "state": "dc", "interval": 2}}, 
{"pk": 3, "model": "meet.vote", "fields": {"voter": 36, "state": "dc", "interval": 3}}, 
{"pk": 4, "model": "meet.vote", "fields": {"voter": 39, "state": "ih", "interval": 1}}, 
{"pk": 5, "model": "meet.vote", "fields": {"voter": 37, "state": "no", "interval": 2}}, 
{"pk": 6, "model": "meet.vote", "fields": {"voter": 39, "state": "no", "interval": 2}}, 
{"pk": 7, "model": "meet.vote", "fields": {"voter": 39, "state": "no", "interval": 3}}, 
{"pk": 9, "model": "meet.vote", "fields": {"voter": 37, "state": "no", "interval": 1}}, 
{"pk": 10, "model": "meet.vote", "fields": {"voter": 37, "state": "no", "interval": 3}}, 
{"pk": 11, "model": "meet.vote", "fields": {"voter": 3, "state": "dc", "interval": 4}}, 
{"pk": 12, "model": "meet.vote", "fields": {"voter": 1, "state": "ih", "interval": 4}}, 
{"pk": 13, "model": "meet.vote", "fields": {"voter": 3, "state": "dc", "interval": 14}}, 
{"pk": 14, "model": "meet.vote", "fields": {"voter": 3, "state": "dc", "interval": 13}}, 
{"pk": 15, "model": "meet.vote", "fields": {"voter": 1, "state": "dc", "interval": 14}}, 
{"pk": 16, "model": "meet.vote", "fields": {"voter": 2, "state": "dc", "interval": 13}}, 
{"pk": 17, "model": "meet.vote", "fields": {"voter": 2, "state": "no", "interval": 14}}, 
{"pk": 18, "model": "meet.vote", "fields": {"voter": 2, "state": "no", "interval": 4}}, 
{"pk": 20, "model": "meet.vote", "fields": {"voter": 1, "state": "no", "interval": 13}}, 
{"pk": 21, "model": "meet.vote", "fields": {"voter": 40, "state": "dc", "interval": 11}}, 
{"pk": 22, "model": "meet.vote", "fields": {"voter": 40, "state": "dc", "interval": 12}}, 
{"pk": 23, "model": "meet.vote", "fields": {"voter": 41, "state": "dc", "interval": 11}}, 
{"pk": 24, "model": "meet.vote", "fields": {"voter": 41, "state": "no", "interval": 12}}, 
{"pk": 5, "model": "meet.advancedclosingcondition", "fields": {"must_come_list": [40, 41]}}, 
{"pk": 1, "model": "meet.meeting", "fields": {"reservation": null, "confirmed": "ns", "conditions": "mx", "guest_list": [40, 41, 39]}}, 
{"pk": 2, "model": "meet.meeting", "fields": {"reservation": null, "confirmed": "ns", "conditions": "mx", "guest_list": [1, 2, 3, 42]}}, 
{"pk": 3, "model": "meet.meeting", "fields": {"reservation": null, "confirmed": "ns", "conditions": "mx", "guest_list": [37, 38, 39]}}, 
{"pk": 4, "model": "meet.meeting", "fields": {"reservation": null, "confirmed": "ns", "conditions": "mx", "guest_list": [37, 38, 39]}}, 
{"pk": 5, "model": "meet.meeting", "fields": {"reservation": null, "confirmed": "ns", "conditions": "mx", "guest_list": [40, 41, 37, 38, 39]}}, 
{"pk": 1, "model": "meet.event", "fields": {"status": "op", "description": "\u062c\u0644\u0633\u0647\u200c\u06cc \u062c\u0639\u0641\u0631 \u0627\u06cc\u0646\u0627", "creator": 36, "guest_list": [40, 41, 39], "title": "\u062c\u0644\u0633\u0647 \u062c\u0639\u0641\u0631 \u0627\u06cc\u0646\u0627", "deadline": "2013-12-12T16:59:22Z"}}, 
{"pk": 2, "model": "meet.event", "fields": {"status": "op", "description": "\u062c\u0644\u0633\u0647\u200c\u06cc \u062e\u0648\u062f\u0645\u0648\u0646", "creator": 1, "guest_list": [1, 2, 3, 42], "title": "\u062c\u0644\u0633\u0647 \u062e\u0648\u062f\u0645\u0648\u0646", "deadline": "2013-04-10T16:18:19Z"}}, 
{"pk": 3, "model": "meet.event", "fields": {"status": "op", "description": "\u063a\u0644\u0627\u0645 \u0627\u06cc\u0646\u0627", "creator": 21, "guest_list": [37, 38, 39], "title": "\u062c\u0644\u0633\u0647\u200c\u06cc \u063a\u0644\u0627\u0645 \u0627\u06cc\u0646\u0627", "deadline": "2013-04-10T00:00:00Z"}}, 
{"pk": 4, "model": "meet.event", "fields": {"status": "op", "description": "Second meeting for gholam & friends", "creator": 21, "guest_list": [37, 38, 39], "title": "\u062c\u0644\u0633\u0647\u200c\u06cc \u063a\u0644\u0627\u0645 \u0627\u06cc\u0646\u0627 \u06f2", "deadline": "2013-06-10T00:00:00Z"}}, 
{"pk": 5, "model": "meet.event", "fields": {"status": "op", "description": "\u0633\u0648\u0645\u06cc\u0646 \u062c\u0644\u0633\u0647\u200c\u06cc \u063a\u0644\u0627\u0645 \u0627\u06cc\u0646\u0627", "creator": 21, "guest_list": [40, 41, 37, 38, 39], "title": "\u062c\u0644\u0633\u0647\u200c\u06cc \u063a\u0644\u0627\u0645 \u0627\u06cc\u0646\u0627 \u06f3", "deadline": "2013-04-10T00:00:00Z"}}]